CountryName,CountryCode,Region,IncomeGroup,CO2emissions,PopulationDensity
Australia,AUS,East Asia & Pacific,High income,15.47551649,3.24787091
Brunei Darussalam,BRN,East Asia & Pacific,High income,16.64490862,81.39658444
Cambodia,KHM,East Asia & Pacific,Lower middle income,0.686777895,92.05639588
China,CHN,East Asia & Pacific,Upper middle income,7.405211347,147.7744195
Fiji,FJI,East Asia & Pacific,Upper middle income,2.150561976,48.35741653
Indonesia,IDN,East Asia & Pacific,Lower middle income,2.178461553,142.5660933
Japan,JPN,East Asia & Pacific,High income,8.74225771,347.1305898
Kiribati,KIR,East Asia & Pacific,Lower middle income,0.690595812,143.0148148
"Korea, Dem. People's Rep.",PRK,East Asia & Pacific,Low income,0.709208588,212.1884063
"Korea, Rep.",KOR,East Asia & Pacific,High income,12.22459136,529.1902482
Lao PDR,LAO,East Asia & Pacific,Lower middle income,2.660908493,30.59574523
Malaysia,MYS,East Asia & Pacific,Upper middle income,7.600220413,95.96114138
Marshall Islands,MHL,East Asia & Pacific,Upper middle income,3.252756283,324.5111111
"Micronesia, Fed. Sts.",FSM,East Asia & Pacific,Lower middle income,1.598011364,160.9142857
Mongolia,MNG,East Asia & Pacific,Lower middle income,6.725098053,2.035770635
Myanmar,MMR,East Asia & Pacific,Lower middle income,0.605492803,82.27503179
Nauru,NRU,East Asia & Pacific,High income,6.555534744,533.9
New Zealand,NZL,East Asia & Pacific,High income,6.572664572,18.61152254
Palau,PLW,East Asia & Pacific,High income,16.19116744,38.93695652
Papua New Guinea,PNG,East Asia & Pacific,Lower middle income,0.866804457,19.00438104
Philippines,PHL,East Asia & Pacific,Lower middle income,1.33369096,357.6865345
Samoa,WSM,East Asia & Pacific,Lower middle income,1.631587535,69.30318021
Singapore,SGP,East Asia & Pacific,High income,8.399134832,7952.99859
Solomon Islands,SLB,East Asia & Pacific,Lower middle income,0.566740598,23.32461593
Thailand,THA,East Asia & Pacific,Upper middle income,3.714039204,135.8970698
Timor-Leste,TLS,East Asia & Pacific,Lower middle income,0.504741813,85.27067922
Tonga,TON,East Asia & Pacific,Upper middle income,1.841103111,143.3319444
Tuvalu,TUV,East Asia & Pacific,Upper middle income,0.86918731,383.5
Vanuatu,VUT,East Asia & Pacific,Lower middle income,0.615016657,24.00943396
Vietnam,VNM,East Asia & Pacific,Lower middle income,2.698805922,308.1431902
Albania,ALB,Europe & Central Asia,Upper middle income,1.939731563,104.6122628
Andorra,AND,Europe & Central Asia,High income,5.97340536,163.8468085
Armenia,ARM,Europe & Central Asia,Upper middle income,1.880246268,103.6789954
Austria,AUT,Europe & Central Asia,High income,7.146637625,107.1318589
Azerbaijan,AZE,Europe & Central Asia,Upper middle income,3.221402183,120.2575919
Belarus,BLR,Europe & Central Asia,Upper middle income,6.2540208,46.72134693
Belgium,BEL,Europe & Central Asia,High income,8.179711061,377.3795905
Bosnia and Herzegovina,BIH,Europe & Central Asia,Upper middle income,6.781131607,64.92048828
Bulgaria,BGR,Europe & Central Asia,Upper middle income,5.854773434,64.71109985
Croatia,HRV,Europe & Central Asia,High income,4.055928762,72.23613713
Cyprus,CYP,Europe & Central Asia,High income,6.079400502,128.7080087
Czech Republic,CZE,Europe & Central Asia,High income,9.640704998,137.6933679
Denmark,DNK,Europe & Central Asia,High income,5.761494164,144.8409
Estonia,EST,Europe & Central Asia,High income,12.103085,30.41124914
Finland,FIN,Europe & Central Asia,High income,8.04275205,18.14795012
France,FRA,Europe & Central Asia,High income,4.619241205,122.5478443
Georgia,GEO,Europe & Central Asia,Upper middle income,2.538541691,65.19733021
Germany,DEU,Europe & Central Asia,High income,8.558389812,237.2940123
Greece,GRC,Europe & Central Asia,High income,6.08317505,83.26518231
Hungary,HUN,Europe & Central Asia,High income,4.745506244,107.1177296
Iceland,ISL,Europe & Central Asia,High income,6.237224322,3.498175146
Ireland,IRL,Europe & Central Asia,High income,7.624325193,70.65344753
Italy,ITA,Europe & Central Asia,High income,5.376374339,202.941457
Kazakhstan,KAZ,Europe & Central Asia,Upper middle income,12.06196914,6.769808497
Kyrgyz Republic,KGZ,Europe & Central Asia,Lower middle income,1.73973556,32.96558916
Latvia,LVA,Europe & Central Asia,High income,3.959165078,31.03839588
Liechtenstein,LIE,Europe & Central Asia,High income,3.692177857,236.9875
Lithuania,LTU,Europe & Central Asia,High income,4.137005929,44.73164618
Luxembourg,LUX,Europe & Central Asia,High income,15.33020808,250.1851852
Moldova,MDA,Europe & Central Asia,Upper middle income,3.171832063,94.2895938
Monaco,MCO,Europe & Central Asia,High income,,19083.37444
Montenegro,MNE,Europe & Central Asia,Upper middle income,4.049968902,46.26223048
Netherlands,NLD,Europe & Central Asia,High income,8.772823734,511.7797446
North Macedonia,MKD,Europe & Central Asia,Upper middle income,3.538239148,82.59147502
Norway,NOR,Europe & Central Asia,High income,7.031361189,14.54889562
Poland,POL,Europe & Central Asia,High income,8.235472255,124.0315838
Portugal,PRT,Europe & Central Asia,High income,4.840612761,112.261936
Romania,ROU,Europe & Central Asia,Upper middle income,3.845132759,84.63999478
Russian Federation,RUS,Europe & Central Asia,Upper middle income,11.12661837,8.822067892
San Marino,SMR,Europe & Central Asia,High income,,563.0666667
Serbia,SRB,Europe & Central Asia,Upper middle income,6.521922194,79.8376858
Slovak Republic,SVK,Europe & Central Asia,High income,6.058635474,113.2855865
Slovenia,SVN,Europe & Central Asia,High income,6.774695332,102.9922926
Spain,ESP,Europe & Central Asia,High income,5.5203504,93.66979208
Sweden,SWE,Europe & Central Asia,High income,3.538009127,24.98149812
Switzerland,CHE,Europe & Central Asia,High income,4.401991044,215.4651922
Tajikistan,TJK,Europe & Central Asia,Lower middle income,0.80541954,65.57278622
Turkey,TUR,Europe & Central Asia,Upper middle income,5.01541837,106.986591
Turkmenistan,TKM,Europe & Central Asia,Upper middle income,12.25964817,12.450582
Ukraine,UKR,Europe & Central Asia,Lower middle income,4.154180631,77.0150466
United Kingdom,GBR,Europe & Central Asia,High income,5.398708138,274.7089819
Uzbekistan,UZB,Europe & Central Asia,Lower middle income,3.401191282,74.80586987
Antigua and Barbuda,ATG,Latin America & Caribbean,High income,5.504663385,218.8227273
Argentina,ARG,Latin America & Caribbean,Upper middle income,3.987234198,16.2585101
"Bahamas, The",BHS,Latin America & Caribbean,High income,5.86046391,38.52497502
Barbados,BRB,Latin America & Caribbean,High income,4.360870779,666.6046512
Belize,BLZ,Latin America & Caribbean,Lower middle income,1.775127848,16.79399386
Bolivia,BOL,Latin America & Caribbean,Lower middle income,2.000327663,10.480144
Brazil,BRA,Latin America & Caribbean,Upper middle income,2.041874199,25.06171469
Chile,CHL,Latin America & Caribbean,High income,4.624872245,25.18945519
Colombia,COL,Latin America & Caribbean,Upper middle income,1.600650618,44.75985219
Costa Rica,CRI,Latin America & Caribbean,Upper middle income,1.652184053,97.91310223
Cuba,CUB,Latin America & Caribbean,Upper middle income,2.202300094,109.2306936
Dominica,DMA,Latin America & Caribbean,Upper middle income,2.513053919,95.50133333
Dominican Republic,DOM,Latin America & Caribbean,Upper middle income,2.363757648,219.9782033
Ecuador,ECU,Latin America & Caribbean,Upper middle income,2.3138123,68.78868981
El Salvador,SLV,Latin America & Caribbean,Lower middle income,1.060625411,309.8812741
Grenada,GRD,Latin America & Caribbean,Upper middle income,2.691814193,327.7911765
Guatemala,GTM,Latin America & Caribbean,Upper middle income,1.113969273,152.5471258
Guyana,GUY,Latin America & Caribbean,Upper middle income,3.13219265,3.957363475
Haiti,HTI,Latin America & Caribbean,Lower middle income,0.299374738,403.5988026
Honduras,HND,Latin America & Caribbean,Lower middle income,1.019032757,85.68704084
Jamaica,JAM,Latin America & Caribbean,Upper middle income,2.899634155,270.9928901
Mexico,MEX,Latin America & Caribbean,Upper middle income,3.741477725,64.91462332
Nicaragua,NIC,Latin America & Caribbean,Lower middle income,0.805815233,53.72695696
Panama,PAN,Latin America & Caribbean,Upper middle income,2.42765632,56.30947598
Paraguay,PRY,Latin America & Caribbean,Upper middle income,1.210453778,17.50835389
Peru,PER,Latin America & Caribbean,Upper middle income,1.69681923,24.99161328
St. Kitts and Nevis,KNA,Latin America & Caribbean,High income,4.958236393,201.6846154
St. Lucia,LCA,Latin America & Caribbean,Upper middle income,2.14415306,298.1803279
St. Vincent and the Grenadines,VCT,Latin America & Caribbean,Upper middle income,2.540604301,282.5897436
Suriname,SUR,Latin America & Caribbean,Upper middle income,3.611192614,3.692224359
Trinidad and Tobago,TTO,Latin America & Caribbean,High income,12.77844012,270.9241715
Uruguay,URY,Latin America & Caribbean,High income,1.890244079,19.70797623
"Venezuela, RB",VEN,Latin America & Caribbean,0,4.782754887,32.74997676
Algeria,DZA,Middle East & North Africa,Lower middle income,3.591657418,17.73006175
Bahrain,BHR,Middle East & North Africa,High income,19.59297584,2012.102564
Djibouti,DJI,Middle East & North Africa,Lower middle income,0.510989933,41.36855047
"Egypt, Arab Rep.",EGY,Middle East & North Africa,Lower middle income,2.502042142,98.87347632
"Iran, Islamic Rep.",IRN,Middle East & North Africa,Lower middle income,7.693012599,50.22238022
Iraq,IRQ,Middle East & North Africa,Upper middle income,4.895195361,88.53058084
Israel,ISR,Middle East & North Africa,High income,6.976403837,410.4805915
Jordan,JOR,Middle East & North Africa,Upper middle income,2.478595273,112.2473755
Kuwait,KWT,Middle East & North Africa,High income,21.62272431,232.1725028
Lebanon,LBN,Middle East & North Africa,Upper middle income,4.039707217,670.5188661
Libya,LBY,Middle East & North Africa,Upper middle income,8.825249137,3.795631245
Malta,MLT,Middle East & North Africa,High income,3.198316241,1514.46875
Morocco,MAR,Middle East & North Africa,Lower middle income,1.850726784,80.72840914
Oman,OMN,Middle East & North Africa,High income,15.19212436,15.60412278
Qatar,QAT,Middle East & North Africa,High income,32.41563917,242.0959095
Saudi Arabia,SAU,Middle East & North Africa,High income,15.26878053,15.67796147
Syrian Arab Republic,SYR,Middle East & North Africa,Low income,1.647087511,92.27828786
Tunisia,TUN,Middle East & North Africa,Lower middle income,2.592258865,74.44131694
United Arab Emirates,ARE,Middle East & North Africa,High income,20.7974984,135.6092087
"Yemen, Rep.",YEM,Middle East & North Africa,Low income,0.326681763,53.97784533
Canada,CAN,North America,High income,15.49702527,4.13415938
United States,USA,North America,High income,15.24087458,35.73009646
Afghanistan,AFG,South Asia,Low income,0.200151071,56.93704929
Bangladesh,BGD,South Asia,Lower middle income,0.512837314,1239.738135
Bhutan,BTN,South Asia,Lower middle income,1.829277992,19.77965391
India,IND,South Asia,Lower middle income,1.799825446,454.9464659
Maldives,MDV,South Asia,Upper middle income,3.703674976,1719.013333
Nepal,NPL,South Asia,Lower middle income,0.428179218,195.9938054
Pakistan,PAK,South Asia,Lower middle income,0.981820105,275.3065172
Sri Lanka,LKA,South Asia,Lower middle income,0.99815413,350.284495
Angola,AGO,Sub-Saharan Africa,Lower middle income,0.887380364,24.71307211
Benin,BEN,Sub-Saharan Africa,Lower middle income,0.688722324,101.8538045
Botswana,BWA,Sub-Saharan Africa,Upper middle income,3.64230522,3.97732077
Burkina Faso,BFA,Sub-Saharan Africa,Low income,0.216186485,72.1910307
Burundi,BDI,Sub-Saharan Africa,Low income,0.05279463,435.17831
Cabo Verde,CPV,Sub-Saharan Africa,Lower middle income,1.140200528,134.9290323
Cameroon,CMR,Sub-Saharan Africa,Lower middle income,0.341842908,53.34403969
Central African Republic,CAF,Sub-Saharan Africa,Low income,0.070718706,7.490409002
Chad,TCD,Sub-Saharan Africa,Low income,0.069131598,12.29171458
Comoros,COM,Sub-Saharan Africa,Lower middle income,0.312379103,447.2444922
"Congo, Dem. Rep.",COD,Sub-Saharan Africa,Low income,0.026169263,37.0825928
"Congo, Rep.",COG,Sub-Saharan Africa,Lower middle income,0.613992586,15.35684627
Cote d'Ivoire,CIV,Sub-Saharan Africa,Lower middle income,0.395305384,78.83404403
Equatorial Guinea,GNQ,Sub-Saharan Africa,Upper middle income,5.095625096,46.66545455
Eritrea,ERI,Sub-Saharan Africa,Low income,0.231696216,34.18610891
Eswatini,SWZ,Sub-Saharan Africa,Lower middle income,0.959275668,66.06244186
Ethiopia,ETH,Sub-Saharan Africa,Low income,0.149050931,96.71865074
Gabon,GAB,Sub-Saharan Africa,Upper middle income,2.175272204,8.224764233
"Gambia, The",GMB,Sub-Saharan Africa,Low income,0.249989913,225.3055336
Ghana,GHA,Sub-Saharan Africa,Lower middle income,0.541201382,130.8214292
Guinea,GIN,Sub-Saharan Africa,Low income,0.251323233,50.52210646
Guinea-Bissau,GNB,Sub-Saharan Africa,Low income,0.165394728,66.65376956
Kenya,KEN,Sub-Saharan Africa,Lower middle income,0.358028408,90.29864357
Lesotho,LSO,Sub-Saharan Africa,Lower middle income,1.218975994,69.44423584
Liberia,LBR,Sub-Saharan Africa,Low income,0.273917114,50.03089701
Madagascar,MDG,Sub-Saharan Africa,Low income,0.128320761,45.13976109
Malawi,MWI,Sub-Saharan Africa,Low income,0.086533726,192.4397009
Mali,MLI,Sub-Saharan Africa,Low income,0.294583928,15.63506913
Mauritania,MRT,Sub-Saharan Africa,Lower middle income,0.908407126,4.272156787
Mauritius,MUS,Sub-Saharan Africa,Upper middle income,3.264040313,623.3019704
Mozambique,MOZ,Sub-Saharan Africa,Low income,0.225115201,37.50859508
Namibia,NAM,Sub-Saharan Africa,Upper middle income,1.735898378,2.97380024
Niger,NER,Sub-Saharan Africa,Low income,0.102037038,17.71755822
Nigeria,NGA,Sub-Saharan Africa,Lower middle income,0.667110199,215.0649286
Rwanda,RWA,Sub-Saharan Africa,Low income,0.087790824,498.6610863
Sao Tome and Principe,STP,Sub-Saharan Africa,Lower middle income,0.663406498,219.825
Senegal,SEN,Sub-Saharan Africa,Lower middle income,0.621912357,82.34729133
Seychelles,SYC,Sub-Saharan Africa,High income,6.407474008,210.3521739
Sierra Leone,SLE,Sub-Saharan Africa,Low income,0.133330736,105.9871017
Somalia,SOM,Sub-Saharan Africa,Low income,0.04597479,23.92359008
South Africa,ZAF,Sub-Saharan Africa,Upper middle income,7.496644895,47.64075213
South Sudan,SSD,Sub-Saharan Africa,Low income,0.125729734,17.36894371
Sudan,SDN,Sub-Saharan Africa,Low income,0.483235878,22.60478579
Tanzania,TZA,Sub-Saharan Africa,Lower middle income,0.205634733,63.57354256
Togo,TGO,Sub-Saharan Africa,Low income,0.286471389,145.0467917
Uganda,UGA,Sub-Saharan Africa,Low income,0.143462178,213.0911231
Zambia,ZMB,Sub-Saharan Africa,Lower middle income,0.446065443,23.34133362
Zimbabwe,ZWE,Sub-Saharan Africa,Lower middle income,0.849792905,37.32405842
,,,,,
,,,,,
,,,,,
,,,,,
,,,,,
,,,,,
Afghanistan,AFG,Population density (people per sq. km of land area),EN.POP.DNST,,
Albania,ALB,Population density (people per sq. km of land area),EN.POP.DNST,,
Algeria,DZA,Population density (people per sq. km of land area),EN.POP.DNST,,
Andorra,AND,Population density (people per sq. km of land area),EN.POP.DNST,,
Angola,AGO,Population density (people per sq. km of land area),EN.POP.DNST,,
Antigua and Barbuda,ATG,Population density (people per sq. km of land area),EN.POP.DNST,,
Arab World,ARB,Population density (people per sq. km of land area),EN.POP.DNST,,
Argentina,ARG,Population density (people per sq. km of land area),EN.POP.DNST,,
Armenia,ARM,Population density (people per sq. km of land area),EN.POP.DNST,,
Australia,AUS,Population density (people per sq. km of land area),EN.POP.DNST,,
Austria,AUT,Population density (people per sq. km of land area),EN.POP.DNST,,
Azerbaijan,AZE,Population density (people per sq. km of land area),EN.POP.DNST,,
"Bahamas, The",BHS,Population density (people per sq. km of land area),EN.POP.DNST,,
Bahrain,BHR,Population density (people per sq. km of land area),EN.POP.DNST,,
Bangladesh,BGD,Population density (people per sq. km of land area),EN.POP.DNST,,
Barbados,BRB,Population density (people per sq. km of land area),EN.POP.DNST,,
Belarus,BLR,Population density (people per sq. km of land area),EN.POP.DNST,,
Belgium,BEL,Population density (people per sq. km of land area),EN.POP.DNST,,
Belize,BLZ,Population density (people per sq. km of land area),EN.POP.DNST,,
Benin,BEN,Population density (people per sq. km of land area),EN.POP.DNST,,
Bhutan,BTN,Population density (people per sq. km of land area),EN.POP.DNST,,
Bolivia,BOL,Population density (people per sq. km of land area),EN.POP.DNST,,
Bosnia and Herzegovina,BIH,Population density (people per sq. km of land area),EN.POP.DNST,,
Botswana,BWA,Population density (people per sq. km of land area),EN.POP.DNST,,
Brazil,BRA,Population density (people per sq. km of land area),EN.POP.DNST,,
Brunei Darussalam,BRN,Population density (people per sq. km of land area),EN.POP.DNST,,
Bulgaria,BGR,Population density (people per sq. km of land area),EN.POP.DNST,,
Burkina Faso,BFA,Population density (people per sq. km of land area),EN.POP.DNST,,
Burundi,BDI,Population density (people per sq. km of land area),EN.POP.DNST,,
Cabo Verde,CPV,Population density (people per sq. km of land area),EN.POP.DNST,,
Cambodia,KHM,Population density (people per sq. km of land area),EN.POP.DNST,,
Cameroon,CMR,Population density (people per sq. km of land area),EN.POP.DNST,,
Canada,CAN,Population density (people per sq. km of land area),EN.POP.DNST,,
Caribbean small states,CSS,Population density (people per sq. km of land area),EN.POP.DNST,,
Central African Republic,CAF,Population density (people per sq. km of land area),EN.POP.DNST,,
Central Europe and the Baltics,CEB,Population density (people per sq. km of land area),EN.POP.DNST,,
Chad,TCD,Population density (people per sq. km of land area),EN.POP.DNST,,
Chile,CHL,Population density (people per sq. km of land area),EN.POP.DNST,,
China,CHN,Population density (people per sq. km of land area),EN.POP.DNST,,
Colombia,COL,Population density (people per sq. km of land area),EN.POP.DNST,,
Comoros,COM,Population density (people per sq. km of land area),EN.POP.DNST,,
"Congo, Dem. Rep.",COD,Population density (people per sq. km of land area),EN.POP.DNST,,
"Congo, Rep.",COG,Population density (people per sq. km of land area),EN.POP.DNST,,
Costa Rica,CRI,Population density (people per sq. km of land area),EN.POP.DNST,,
Cote d'Ivoire,CIV,Population density (people per sq. km of land area),EN.POP.DNST,,
Croatia,HRV,Population density (people per sq. km of land area),EN.POP.DNST,,
Cuba,CUB,Population density (people per sq. km of land area),EN.POP.DNST,,
Cyprus,CYP,Population density (people per sq. km of land area),EN.POP.DNST,,
Czech Republic,CZE,Population density (people per sq. km of land area),EN.POP.DNST,,
Denmark,DNK,Population density (people per sq. km of land area),EN.POP.DNST,,
Djibouti,DJI,Population density (people per sq. km of land area),EN.POP.DNST,,
Dominica,DMA,Population density (people per sq. km of land area),EN.POP.DNST,,
Dominican Republic,DOM,Population density (people per sq. km of land area),EN.POP.DNST,,
Early-demographic dividend,EAR,Population density (people per sq. km of land area),EN.POP.DNST,,
East Asia & Pacific,EAS,Population density (people per sq. km of land area),EN.POP.DNST,,
East Asia & Pacific (excluding high income),EAP,Population density (people per sq. km of land area),EN.POP.DNST,,
East Asia & Pacific (IDA & IBRD),TEA,Population density (people per sq. km of land area),EN.POP.DNST,,
Ecuador,ECU,Population density (people per sq. km of land area),EN.POP.DNST,,
"Egypt, Arab Rep.",EGY,Population density (people per sq. km of land area),EN.POP.DNST,,
El Salvador,SLV,Population density (people per sq. km of land area),EN.POP.DNST,,
Equatorial Guinea,GNQ,Population density (people per sq. km of land area),EN.POP.DNST,,
Eritrea,ERI,Population density (people per sq. km of land area),EN.POP.DNST,,
Estonia,EST,Population density (people per sq. km of land area),EN.POP.DNST,,
Eswatini,SWZ,Population density (people per sq. km of land area),EN.POP.DNST,,
Ethiopia,ETH,Population density (people per sq. km of land area),EN.POP.DNST,,
Euro area,EMU,Population density (people per sq. km of land area),EN.POP.DNST,,
Europe & Central Asia,ECS,Population density (people per sq. km of land area),EN.POP.DNST,,
Europe & Central Asia (excluding high income),ECA,Population density (people per sq. km of land area),EN.POP.DNST,,
Europe & Central Asia (IDA & IBRD),TEC,Population density (people per sq. km of land area),EN.POP.DNST,,
European Union,EUU,Population density (people per sq. km of land area),EN.POP.DNST,,
Fiji,FJI,Population density (people per sq. km of land area),EN.POP.DNST,,
Finland,FIN,Population density (people per sq. km of land area),EN.POP.DNST,,
Fragile and conflict affected situations,FCS,Population density (people per sq. km of land area),EN.POP.DNST,,
France,FRA,Population density (people per sq. km of land area),EN.POP.DNST,,
Gabon,GAB,Population density (people per sq. km of land area),EN.POP.DNST,,
"Gambia, The",GMB,Population density (people per sq. km of land area),EN.POP.DNST,,
Georgia,GEO,Population density (people per sq. km of land area),EN.POP.DNST,,
Germany,DEU,Population density (people per sq. km of land area),EN.POP.DNST,,
Ghana,GHA,Population density (people per sq. km of land area),EN.POP.DNST,,
Greece,GRC,Population density (people per sq. km of land area),EN.POP.DNST,,
Grenada,GRD,Population density (people per sq. km of land area),EN.POP.DNST,,
Guatemala,GTM,Population density (people per sq. km of land area),EN.POP.DNST,,
Guinea,GIN,Population density (people per sq. km of land area),EN.POP.DNST,,
Guinea-Bissau,GNB,Population density (people per sq. km of land area),EN.POP.DNST,,
Guyana,GUY,Population density (people per sq. km of land area),EN.POP.DNST,,
Haiti,HTI,Population density (people per sq. km of land area),EN.POP.DNST,,
Heavily indebted poor countries (HIPC),HPC,Population density (people per sq. km of land area),EN.POP.DNST,,
High income,HIC,Population density (people per sq. km of land area),EN.POP.DNST,,
Honduras,HND,Population density (people per sq. km of land area),EN.POP.DNST,,
Hungary,HUN,Population density (people per sq. km of land area),EN.POP.DNST,,
IBRD only,IBD,Population density (people per sq. km of land area),EN.POP.DNST,,
Iceland,ISL,Population density (people per sq. km of land area),EN.POP.DNST,,
IDA & IBRD total,IBT,Population density (people per sq. km of land area),EN.POP.DNST,,
IDA blend,IDB,Population density (people per sq. km of land area),EN.POP.DNST,,
IDA only,IDX,Population density (people per sq. km of land area),EN.POP.DNST,,
IDA total,IDA,Population density (people per sq. km of land area),EN.POP.DNST,,
India,IND,Population density (people per sq. km of land area),EN.POP.DNST,,
Indonesia,IDN,Population density (people per sq. km of land area),EN.POP.DNST,,
"Iran, Islamic Rep.",IRN,Population density (people per sq. km of land area),EN.POP.DNST,,
Iraq,IRQ,Population density (people per sq. km of land area),EN.POP.DNST,,
Ireland,IRL,Population density (people per sq. km of land area),EN.POP.DNST,,
Israel,ISR,Population density (people per sq. km of land area),EN.POP.DNST,,
Italy,ITA,Population density (people per sq. km of land area),EN.POP.DNST,,
Jamaica,JAM,Population density (people per sq. km of land area),EN.POP.DNST,,
Japan,JPN,Population density (people per sq. km of land area),EN.POP.DNST,,
Jordan,JOR,Population density (people per sq. km of land area),EN.POP.DNST,,
Kazakhstan,KAZ,Population density (people per sq. km of land area),EN.POP.DNST,,
Kenya,KEN,Population density (people per sq. km of land area),EN.POP.DNST,,
Kiribati,KIR,Population density (people per sq. km of land area),EN.POP.DNST,,
"Korea, Dem. People's Rep.",PRK,Population density (people per sq. km of land area),EN.POP.DNST,,
"Korea, Rep.",KOR,Population density (people per sq. km of land area),EN.POP.DNST,,
Kuwait,KWT,Population density (people per sq. km of land area),EN.POP.DNST,,
Kyrgyz Republic,KGZ,Population density (people per sq. km of land area),EN.POP.DNST,,
Lao PDR,LAO,Population density (people per sq. km of land area),EN.POP.DNST,,
Late-demographic dividend,LTE,Population density (people per sq. km of land area),EN.POP.DNST,,
Latin America & Caribbean,LCN,Population density (people per sq. km of land area),EN.POP.DNST,,
Latin America & Caribbean (excluding high income),LAC,Population density (people per sq. km of land area),EN.POP.DNST,,
Latin America & Caribbean (IDA & IBRD),TLA,Population density (people per sq. km of land area),EN.POP.DNST,,
Latvia,LVA,Population density (people per sq. km of land area),EN.POP.DNST,,
Least developed countries: UN classification,LDC,Population density (people per sq. km of land area),EN.POP.DNST,,
Lebanon,LBN,Population density (people per sq. km of land area),EN.POP.DNST,,
Lesotho,LSO,Population density (people per sq. km of land area),EN.POP.DNST,,
Liberia,LBR,Population density (people per sq. km of land area),EN.POP.DNST,,
Libya,LBY,Population density (people per sq. km of land area),EN.POP.DNST,,
Liechtenstein,LIE,Population density (people per sq. km of land area),EN.POP.DNST,,
Lithuania,LTU,Population density (people per sq. km of land area),EN.POP.DNST,,
Low & middle income,LMY,Population density (people per sq. km of land area),EN.POP.DNST,,
Low income,LIC,Population density (people per sq. km of land area),EN.POP.DNST,,
Lower middle income,LMC,Population density (people per sq. km of land area),EN.POP.DNST,,
Luxembourg,LUX,Population density (people per sq. km of land area),EN.POP.DNST,,
Madagascar,MDG,Population density (people per sq. km of land area),EN.POP.DNST,,
Malawi,MWI,Population density (people per sq. km of land area),EN.POP.DNST,,
Malaysia,MYS,Population density (people per sq. km of land area),EN.POP.DNST,,
Maldives,MDV,Population density (people per sq. km of land area),EN.POP.DNST,,
Mali,MLI,Population density (people per sq. km of land area),EN.POP.DNST,,
Malta,MLT,Population density (people per sq. km of land area),EN.POP.DNST,,
Marshall Islands,MHL,Population density (people per sq. km of land area),EN.POP.DNST,,
Mauritania,MRT,Population density (people per sq. km of land area),EN.POP.DNST,,
Mauritius,MUS,Population density (people per sq. km of land area),EN.POP.DNST,,
Mexico,MEX,Population density (people per sq. km of land area),EN.POP.DNST,,
"Micronesia, Fed. Sts.",FSM,Population density (people per sq. km of land area),EN.POP.DNST,,
Middle East & North Africa,MEA,Population density (people per sq. km of land area),EN.POP.DNST,,
Middle East & North Africa (excluding high income),MNA,Population density (people per sq. km of land area),EN.POP.DNST,,
Middle East & North Africa (IDA & IBRD),TMN,Population density (people per sq. km of land area),EN.POP.DNST,,
Middle income,MIC,Population density (people per sq. km of land area),EN.POP.DNST,,
Moldova,MDA,Population density (people per sq. km of land area),EN.POP.DNST,,
Monaco,MCO,Population density (people per sq. km of land area),EN.POP.DNST,,
Mongolia,MNG,Population density (people per sq. km of land area),EN.POP.DNST,,
Montenegro,MNE,Population density (people per sq. km of land area),EN.POP.DNST,,
Morocco,MAR,Population density (people per sq. km of land area),EN.POP.DNST,,
Mozambique,MOZ,Population density (people per sq. km of land area),EN.POP.DNST,,
Myanmar,MMR,Population density (people per sq. km of land area),EN.POP.DNST,,
Namibia,NAM,Population density (people per sq. km of land area),EN.POP.DNST,,
Nauru,NRU,Population density (people per sq. km of land area),EN.POP.DNST,,
Nepal,NPL,Population density (people per sq. km of land area),EN.POP.DNST,,
Netherlands,NLD,Population density (people per sq. km of land area),EN.POP.DNST,,
New Zealand,NZL,Population density (people per sq. km of land area),EN.POP.DNST,,
Nicaragua,NIC,Population density (people per sq. km of land area),EN.POP.DNST,,
Niger,NER,Population density (people per sq. km of land area),EN.POP.DNST,,
Nigeria,NGA,Population density (people per sq. km of land area),EN.POP.DNST,,
North America,NAC,Population density (people per sq. km of land area),EN.POP.DNST,,
North Macedonia,MKD,Population density (people per sq. km of land area),EN.POP.DNST,,
Norway,NOR,Population density (people per sq. km of land area),EN.POP.DNST,,
OECD members,OED,Population density (people per sq. km of land area),EN.POP.DNST,,
Oman,OMN,Population density (people per sq. km of land area),EN.POP.DNST,,
Other small states,OSS,Population density (people per sq. km of land area),EN.POP.DNST,,
Pacific island small states,PSS,Population density (people per sq. km of land area),EN.POP.DNST,,
Pakistan,PAK,Population density (people per sq. km of land area),EN.POP.DNST,,
Palau,PLW,Population density (people per sq. km of land area),EN.POP.DNST,,
Panama,PAN,Population density (people per sq. km of land area),EN.POP.DNST,,
Papua New Guinea,PNG,Population density (people per sq. km of land area),EN.POP.DNST,,
Paraguay,PRY,Population density (people per sq. km of land area),EN.POP.DNST,,
Peru,PER,Population density (people per sq. km of land area),EN.POP.DNST,,
Philippines,PHL,Population density (people per sq. km of land area),EN.POP.DNST,,
Poland,POL,Population density (people per sq. km of land area),EN.POP.DNST,,
Portugal,PRT,Population density (people per sq. km of land area),EN.POP.DNST,,
Post-demographic dividend,PST,Population density (people per sq. km of land area),EN.POP.DNST,,
Pre-demographic dividend,PRE,Population density (people per sq. km of land area),EN.POP.DNST,,
Qatar,QAT,Population density (people per sq. km of land area),EN.POP.DNST,,
Romania,ROU,Population density (people per sq. km of land area),EN.POP.DNST,,
Russian Federation,RUS,Population density (people per sq. km of land area),EN.POP.DNST,,
Rwanda,RWA,Population density (people per sq. km of land area),EN.POP.DNST,,
Samoa,WSM,Population density (people per sq. km of land area),EN.POP.DNST,,
San Marino,SMR,Population density (people per sq. km of land area),EN.POP.DNST,,
Sao Tome and Principe,STP,Population density (people per sq. km of land area),EN.POP.DNST,,
Saudi Arabia,SAU,Population density (people per sq. km of land area),EN.POP.DNST,,
Senegal,SEN,Population density (people per sq. km of land area),EN.POP.DNST,,
Serbia,SRB,Population density (people per sq. km of land area),EN.POP.DNST,,
Seychelles,SYC,Population density (people per sq. km of land area),EN.POP.DNST,,
Sierra Leone,SLE,Population density (people per sq. km of land area),EN.POP.DNST,,
Singapore,SGP,Population density (people per sq. km of land area),EN.POP.DNST,,
Slovak Republic,SVK,Population density (people per sq. km of land area),EN.POP.DNST,,
Slovenia,SVN,Population density (people per sq. km of land area),EN.POP.DNST,,
Small states,SST,Population density (people per sq. km of land area),EN.POP.DNST,,
Solomon Islands,SLB,Population density (people per sq. km of land area),EN.POP.DNST,,
Somalia,SOM,Population density (people per sq. km of land area),EN.POP.DNST,,
South Africa,ZAF,Population density (people per sq. km of land area),EN.POP.DNST,,
South Asia,SAS,Population density (people per sq. km of land area),EN.POP.DNST,,
South Asia (IDA & IBRD),TSA,Population density (people per sq. km of land area),EN.POP.DNST,,
South Sudan,SSD,Population density (people per sq. km of land area),EN.POP.DNST,,
Spain,ESP,Population density (people per sq. km of land area),EN.POP.DNST,,
Sri Lanka,LKA,Population density (people per sq. km of land area),EN.POP.DNST,,
St. Kitts and Nevis,KNA,Population density (people per sq. km of land area),EN.POP.DNST,,
St. Lucia,LCA,Population density (people per sq. km of land area),EN.POP.DNST,,
St. Vincent and the Grenadines,VCT,Population density (people per sq. km of land area),EN.POP.DNST,,
Sub-Saharan Africa,SSF,Population density (people per sq. km of land area),EN.POP.DNST,,
Sub-Saharan Africa (excluding high income),SSA,Population density (people per sq. km of land area),EN.POP.DNST,,
Sub-Saharan Africa (IDA & IBRD),TSS,Population density (people per sq. km of land area),EN.POP.DNST,,
Sudan,SDN,Population density (people per sq. km of land area),EN.POP.DNST,,
Suriname,SUR,Population density (people per sq. km of land area),EN.POP.DNST,,
Sweden,SWE,Population density (people per sq. km of land area),EN.POP.DNST,,
Switzerland,CHE,Population density (people per sq. km of land area),EN.POP.DNST,,
Syrian Arab Republic,SYR,Population density (people per sq. km of land area),EN.POP.DNST,,
Tajikistan,TJK,Population density (people per sq. km of land area),EN.POP.DNST,,
Tanzania,TZA,Population density (people per sq. km of land area),EN.POP.DNST,,
Thailand,THA,Population density (people per sq. km of land area),EN.POP.DNST,,
Timor-Leste,TLS,Population density (people per sq. km of land area),EN.POP.DNST,,
Togo,TGO,Population density (people per sq. km of land area),EN.POP.DNST,,
Tonga,TON,Population density (people per sq. km of land area),EN.POP.DNST,,
Trinidad and Tobago,TTO,Population density (people per sq. km of land area),EN.POP.DNST,,
Tunisia,TUN,Population density (people per sq. km of land area),EN.POP.DNST,,
Turkey,TUR,Population density (people per sq. km of land area),EN.POP.DNST,,
Turkmenistan,TKM,Population density (people per sq. km of land area),EN.POP.DNST,,
Tuvalu,TUV,Population density (people per sq. km of land area),EN.POP.DNST,,
Uganda,UGA,Population density (people per sq. km of land area),EN.POP.DNST,,
Ukraine,UKR,Population density (people per sq. km of land area),EN.POP.DNST,,
United Arab Emirates,ARE,Population density (people per sq. km of land area),EN.POP.DNST,,
United Kingdom,GBR,Population density (people per sq. km of land area),EN.POP.DNST,,
United States,USA,Population density (people per sq. km of land area),EN.POP.DNST,,
Upper middle income,UMC,Population density (people per sq. km of land area),EN.POP.DNST,,
Uruguay,URY,Population density (people per sq. km of land area),EN.POP.DNST,,
Uzbekistan,UZB,Population density (people per sq. km of land area),EN.POP.DNST,,
Vanuatu,VUT,Population density (people per sq. km of land area),EN.POP.DNST,,
"Venezuela, RB",VEN,Population density (people per sq. km of land area),EN.POP.DNST,,
Vietnam,VNM,Population density (people per sq. km of land area),EN.POP.DNST,,
World,WLD,Population density (people per sq. km of land area),EN.POP.DNST,,
"Yemen, Rep.",YEM,Population density (people per sq. km of land area),EN.POP.DNST,,
Zambia,ZMB,Population density (people per sq. km of land area),EN.POP.DNST,,
Zimbabwe,ZWE,Population density (people per sq. km of land area),EN.POP.DNST,,
